{
    "7177": {
        "casingType": "ammo-9",
        "identifier": 2,
        "serial": "145967RNC795535",
        "coords": {
            "x": -708.1797485351563,
            "y": -615.672607421875,
            "z": 70.2950210571289
        },
        "timestamp": 803579,
        "type": "casing"
    },
    "2485": {
        "bulletType": "ammo-9",
        "color": {
            "r": 240,
            "g": 240,
            "b": 240
        },
        "pedCoords": {
            "x": -708.2162475585938,
            "y": -617.6775512695313,
            "z": 71.29493713378906,
            "w": 105.98426818847656
        },
        "type": "vehicleFragment",
        "identifier": 2,
        "serial": "145967RNC795535",
        "modelHash": 1912215274,
        "model": "police3",
        "timestamp": 803579,
        "coords": {
            "x": -712.1613159179688,
            "y": -618.3915405273438,
            "z": 70.29360961914063
        }
    }
}